issue_id,team,created,resolved,cycle_time_days,priority
ISS-0001,MOBILE,2023-04-13,2023-04-24,11,High
ISS-0002,MOBILE,2023-03-13,2023-03-19,6,Medium
ISS-0003,PAYMENTS,2024-04-11,2024-04-11,0,Low
ISS-0004,MOBILE,2024-01-08,2024-01-14,6,High
ISS-0005,MOBILE,2023-11-05,2023-11-29,24,Low
ISS-0006,DATA,2024-01-21,2024-01-22,1,High
ISS-0007,BACKEND,2024-04-04,2024-05-28,54,Low
ISS-0008,DATA,2024-04-19,2024-04-25,6,Low
ISS-0009,DATA,2024-04-20,2024-05-15,25,Medium
ISS-0010,BACKEND,2023-09-01,2023-11-20,80,High
ISS-0011,DATA,2023-01-21,2023-03-16,54,Low
ISS-0012,BACKEND,2023-11-12,2023-11-17,5,High
ISS-0013,MOBILE,2023-12-12,2023-12-12,0,Medium
ISS-0014,BACKEND,2024-01-02,2024-01-10,8,Medium
ISS-0015,BACKEND,2023-02-04,2023-02-20,16,High
ISS-0016,MOBILE,2024-01-23,2024-01-25,2,Low
ISS-0017,MOBILE,2023-04-16,2023-06-02,47,High
ISS-0018,PAYMENTS,2023-06-11,2023-06-14,3,Low
ISS-0019,BACKEND,2023-09-28,2023-09-28,0,High
ISS-0020,PAYMENTS,2023-10-23,2023-11-05,13,Low
ISS-0021,PAYMENTS,2023-02-22,2023-02-28,6,Low
ISS-0022,BACKEND,2023-07-07,2023-07-12,5,High
ISS-0023,BACKEND,2023-01-15,2023-02-22,38,Medium
ISS-0024,DATA,2023-12-10,2023-12-13,3,High
ISS-0025,DATA,2023-03-04,2023-03-15,11,High
ISS-0026,BACKEND,2024-02-23,2024-03-04,10,High
ISS-0027,PAYMENTS,2023-08-19,2023-08-26,7,Low
ISS-0028,DATA,2023-07-20,2023-07-26,6,High
ISS-0029,MOBILE,2023-02-17,2023-02-20,3,High
ISS-0030,BACKEND,2023-04-09,2023-04-15,6,High
ISS-0031,BACKEND,2024-04-06,2024-04-19,13,Low
ISS-0032,DATA,2024-05-17,2024-05-27,10,Low
ISS-0033,MOBILE,2024-01-28,2024-02-05,8,Medium
ISS-0034,DATA,2024-04-05,2024-04-06,1,High
ISS-0035,DATA,2023-08-29,2023-08-31,2,Low
ISS-0036,BACKEND,2024-04-29,2024-05-01,2,High
ISS-0037,BACKEND,2023-06-20,2023-06-21,1,Low
ISS-0038,PAYMENTS,2023-08-31,2023-09-01,1,High
ISS-0039,MOBILE,2023-01-28,2023-01-29,1,High
ISS-0040,MOBILE,2023-11-27,2023-11-29,2,Low
ISS-0041,BACKEND,2024-04-17,2024-04-19,2,Low
ISS-0042,PAYMENTS,2024-01-12,2024-02-23,42,Low
ISS-0043,DATA,2023-09-16,2023-09-16,0,Medium
ISS-0044,BACKEND,2023-11-14,2023-11-15,1,Medium
ISS-0045,MOBILE,2024-01-09,2024-01-10,1,Low
ISS-0046,DATA,2023-04-23,2023-04-23,0,High
ISS-0047,MOBILE,2023-09-25,2023-09-27,2,Low
ISS-0048,BACKEND,2023-04-23,2023-04-24,1,Medium
ISS-0049,DATA,2023-04-23,2023-05-19,26,High
ISS-0050,PAYMENTS,2023-08-13,2023-08-20,7,Medium
ISS-0051,BACKEND,2023-02-22,2023-02-26,4,High
ISS-0052,BACKEND,2024-02-20,2024-02-26,6,High
ISS-0053,PAYMENTS,2023-07-03,2023-07-04,1,Medium
ISS-0054,MOBILE,2023-10-07,2023-10-11,4,Medium
ISS-0055,MOBILE,2024-05-25,2024-05-25,0,Low
ISS-0056,BACKEND,2023-05-04,2023-05-08,4,Low
ISS-0057,MOBILE,2024-02-07,2024-02-15,8,High
ISS-0058,MOBILE,2023-05-28,2023-06-04,7,High
ISS-0059,MOBILE,2023-12-04,2023-12-16,12,Medium
ISS-0060,MOBILE,2024-04-17,2024-04-18,1,High
ISS-0061,DATA,2023-10-25,2023-10-27,2,High
ISS-0062,MOBILE,2023-12-12,2024-01-09,28,Medium
ISS-0063,MOBILE,2023-01-02,2023-02-10,39,Medium
ISS-0064,PAYMENTS,2024-03-28,2024-04-13,16,Medium
ISS-0065,DATA,2023-01-09,2023-01-11,2,High
ISS-0066,BACKEND,2023-07-27,2023-08-11,15,Low
ISS-0067,DATA,2023-04-30,2023-05-15,15,Low
ISS-0068,PAYMENTS,2024-02-24,2024-03-11,16,Low
ISS-0069,BACKEND,2023-08-15,2023-08-18,3,Low
ISS-0070,BACKEND,2023-06-02,2023-06-02,0,Medium
ISS-0071,DATA,2023-12-04,2023-12-08,4,Low
ISS-0072,BACKEND,2023-06-10,2023-06-10,0,Medium
ISS-0073,MOBILE,2024-05-18,2024-05-25,7,Low
ISS-0074,MOBILE,2024-02-05,2024-02-07,2,High
ISS-0075,BACKEND,2024-04-14,2024-04-16,2,Low
ISS-0076,DATA,2023-02-07,2023-03-06,27,Medium
ISS-0077,BACKEND,2023-10-10,2023-10-13,3,Low
ISS-0078,DATA,2023-10-11,2023-10-18,7,Medium
ISS-0079,BACKEND,2024-05-30,2024-05-30,0,Medium
ISS-0080,PAYMENTS,2023-01-17,2023-02-22,36,Low
ISS-0081,BACKEND,2023-02-15,2023-03-04,17,Low
ISS-0082,DATA,2023-02-06,2023-02-24,18,Medium
ISS-0083,PAYMENTS,2023-06-30,2023-07-05,5,Low
ISS-0084,PAYMENTS,2023-04-26,2023-04-28,2,Low
ISS-0085,MOBILE,2023-06-10,2023-06-12,2,High
ISS-0086,DATA,2023-11-19,2023-11-24,5,Medium
ISS-0087,BACKEND,2023-10-15,2023-10-22,7,High
ISS-0088,PAYMENTS,2023-06-04,2023-06-06,2,Medium
ISS-0089,PAYMENTS,2023-04-14,2023-04-22,8,High
ISS-0090,BACKEND,2023-06-25,2023-06-30,5,Medium
ISS-0091,BACKEND,2024-06-21,2024-07-02,11,High
ISS-0092,BACKEND,2024-06-08,2024-08-12,65,Low
ISS-0093,DATA,2023-01-20,2023-01-27,7,High
ISS-0094,MOBILE,2024-02-04,2024-02-04,0,High
ISS-0095,PAYMENTS,2023-05-23,2023-05-26,3,High
ISS-0096,BACKEND,2023-02-20,2023-02-24,4,Medium
ISS-0097,DATA,2023-05-05,2023-05-17,12,Low
ISS-0098,DATA,2023-11-01,2023-11-01,0,Low
ISS-0099,MOBILE,2023-02-23,2023-02-28,5,Medium
ISS-0100,BACKEND,2023-09-21,2023-10-01,10,High
ISS-0101,PAYMENTS,2023-01-05,2023-01-09,4,Medium
ISS-0102,BACKEND,2023-12-16,2023-12-21,5,Low
ISS-0103,BACKEND,2023-09-26,2023-10-20,24,Medium
ISS-0104,BACKEND,2023-04-30,2023-05-02,2,Low
ISS-0105,BACKEND,2023-12-12,2023-12-12,0,High
ISS-0106,BACKEND,2023-05-07,2023-05-15,8,Medium
ISS-0107,PAYMENTS,2023-02-27,2023-03-16,17,High
ISS-0108,BACKEND,2023-04-06,2023-04-11,5,High
ISS-0109,BACKEND,2024-05-02,2024-05-21,19,High
ISS-0110,DATA,2023-07-08,2023-07-17,9,Low
ISS-0111,PAYMENTS,2023-09-04,2023-09-04,0,Low
ISS-0112,PAYMENTS,2024-03-10,2024-04-22,43,Medium
ISS-0113,BACKEND,2023-08-08,2023-10-22,75,Low
ISS-0114,PAYMENTS,2024-03-28,2024-04-01,4,High
ISS-0115,PAYMENTS,2024-03-07,2024-03-18,11,High
ISS-0116,DATA,2023-09-11,2023-09-14,3,Low
ISS-0117,DATA,2024-06-05,2024-06-25,20,Low
ISS-0118,DATA,2023-06-29,2023-07-02,3,High
ISS-0119,BACKEND,2024-03-17,2024-03-21,4,Medium
ISS-0120,DATA,2024-05-30,2024-06-05,6,Medium
ISS-0121,DATA,2023-09-15,2023-09-15,0,Low
ISS-0122,BACKEND,2024-04-19,2024-04-30,11,Low
ISS-0123,DATA,2024-01-15,2024-01-15,0,Low
ISS-0124,DATA,2024-03-02,2024-03-21,19,Medium
ISS-0125,BACKEND,2024-02-21,2024-02-28,7,Low
ISS-0126,MOBILE,2023-10-12,2023-10-12,0,Low
ISS-0127,BACKEND,2023-09-10,2023-09-10,0,Medium
ISS-0128,MOBILE,2023-03-31,2023-04-02,2,Low
ISS-0129,BACKEND,2024-02-22,2024-02-24,2,High
ISS-0130,DATA,2024-05-15,2024-05-17,2,High
ISS-0131,MOBILE,2024-01-11,2024-01-20,9,Medium
ISS-0132,PAYMENTS,2024-01-29,2024-02-01,3,Medium
ISS-0133,MOBILE,2023-04-09,2023-04-12,3,Low
ISS-0134,MOBILE,2023-04-06,2023-04-08,2,Medium
ISS-0135,MOBILE,2023-02-06,2023-02-07,1,Medium
ISS-0136,PAYMENTS,2023-10-06,2023-10-15,9,Low
ISS-0137,PAYMENTS,2023-09-30,2023-10-05,5,Low
ISS-0138,BACKEND,2023-12-08,2023-12-10,2,Medium
ISS-0139,MOBILE,2024-01-31,2024-02-22,22,High
ISS-0140,PAYMENTS,2023-09-22,2023-09-24,2,High
ISS-0141,BACKEND,2024-01-19,2024-01-23,4,High
ISS-0142,PAYMENTS,2023-05-24,2023-05-28,4,Low
ISS-0143,PAYMENTS,2023-01-25,2023-01-30,5,Medium
ISS-0144,PAYMENTS,2023-05-31,2023-06-10,10,Low
ISS-0145,DATA,2023-02-11,2023-03-08,25,Medium
ISS-0146,BACKEND,2023-05-13,2023-05-22,9,Low
ISS-0147,DATA,2023-01-09,2023-01-19,10,Medium
ISS-0148,PAYMENTS,2023-09-10,2023-09-22,12,Medium
ISS-0149,PAYMENTS,2023-06-17,2023-06-17,0,Medium
ISS-0150,DATA,2023-07-13,2023-07-13,0,High
ISS-0151,MOBILE,2023-12-05,2023-12-11,6,Low
ISS-0152,MOBILE,2023-12-08,2023-12-19,11,Low
ISS-0153,BACKEND,2023-08-05,2023-08-11,6,High
ISS-0154,PAYMENTS,2023-09-09,2023-09-09,0,Low
ISS-0155,DATA,2023-07-01,2023-07-09,8,Medium
ISS-0156,BACKEND,2024-06-14,2024-06-14,0,Low
ISS-0157,BACKEND,2023-08-08,2023-08-13,5,Medium
ISS-0158,BACKEND,2024-03-31,2024-03-31,0,Medium
ISS-0159,DATA,2023-01-01,2023-01-08,7,High
ISS-0160,BACKEND,2024-05-19,2024-05-22,3,High
ISS-0161,DATA,2023-04-27,2023-06-27,61,Medium
ISS-0162,DATA,2023-06-22,2023-06-22,0,Low
ISS-0163,MOBILE,2023-08-01,2023-09-04,34,Medium
ISS-0164,MOBILE,2023-08-15,2023-08-23,8,Medium
ISS-0165,DATA,2023-02-16,2023-02-22,6,High
ISS-0166,PAYMENTS,2024-02-19,2024-03-28,38,High
ISS-0167,PAYMENTS,2023-09-16,2023-10-27,41,High
ISS-0168,BACKEND,2023-11-26,2023-12-17,21,High
ISS-0169,PAYMENTS,2024-02-12,2024-02-18,6,Medium
ISS-0170,PAYMENTS,2023-12-14,2023-12-21,7,High
ISS-0171,DATA,2023-11-12,2023-11-18,6,Low
ISS-0172,MOBILE,2023-02-10,2023-02-12,2,Low
ISS-0173,PAYMENTS,2023-05-25,2023-05-27,2,High
ISS-0174,BACKEND,2024-04-05,2024-04-13,8,Medium
ISS-0175,PAYMENTS,2023-09-10,2023-09-29,19,Low
ISS-0176,BACKEND,2024-03-25,2024-03-25,0,Low
ISS-0177,MOBILE,2023-09-08,2023-11-09,62,Medium
ISS-0178,PAYMENTS,2024-01-09,2024-01-20,11,Medium
ISS-0179,PAYMENTS,2023-06-26,2023-06-29,3,Medium
ISS-0180,MOBILE,2023-08-05,2023-08-29,24,Low
ISS-0181,BACKEND,2024-04-05,2024-05-05,30,Low
ISS-0182,DATA,2024-02-09,2024-02-09,0,Medium
ISS-0183,PAYMENTS,2024-03-12,2024-03-18,6,Low
ISS-0184,PAYMENTS,2024-04-02,2024-04-05,3,Medium
ISS-0185,BACKEND,2024-04-01,2024-04-01,0,High
ISS-0186,BACKEND,2024-03-21,2024-04-04,14,Medium
ISS-0187,DATA,2023-02-03,2023-02-06,3,Low
ISS-0188,MOBILE,2023-06-03,2023-06-07,4,High
ISS-0189,DATA,2023-11-02,2023-11-15,13,Medium
ISS-0190,BACKEND,2024-01-24,2024-01-24,0,High
ISS-0191,DATA,2024-02-05,2024-03-20,44,Low
ISS-0192,PAYMENTS,2023-08-17,2023-08-23,6,Medium
ISS-0193,PAYMENTS,2024-03-10,2024-03-26,16,Medium
ISS-0194,BACKEND,2023-11-02,2023-11-08,6,Low
ISS-0195,PAYMENTS,2024-03-10,2024-03-26,16,Medium
ISS-0196,MOBILE,2023-06-15,2023-06-19,4,Low
ISS-0197,MOBILE,2023-04-16,2023-04-29,13,Low
ISS-0198,BACKEND,2023-05-18,2023-06-05,18,High
ISS-0199,DATA,2024-05-22,2024-06-26,35,Low
ISS-0200,MOBILE,2023-02-22,2023-02-24,2,Medium
ISS-0201,BACKEND,2023-02-12,2023-02-13,1,High
ISS-0202,BACKEND,2023-07-02,2023-07-08,6,High
ISS-0203,MOBILE,2024-06-03,2024-06-04,1,High
ISS-0204,DATA,2023-10-08,2023-10-23,15,High
ISS-0205,PAYMENTS,2023-04-03,2023-04-28,25,Medium
ISS-0206,BACKEND,2023-02-20,2023-02-20,0,Medium
ISS-0207,DATA,2024-06-17,2024-06-17,0,Low
ISS-0208,DATA,2023-08-21,2023-08-24,3,Medium
ISS-0209,DATA,2023-03-19,2023-03-21,2,Low
ISS-0210,DATA,2023-09-06,2023-09-10,4,Medium
ISS-0211,MOBILE,2023-02-25,2023-03-11,14,Medium
ISS-0212,DATA,2023-12-03,2023-12-05,2,Medium
ISS-0213,BACKEND,2023-09-10,2023-10-10,30,Medium
ISS-0214,PAYMENTS,2023-02-25,2023-03-01,4,High
ISS-0215,DATA,2023-03-19,2023-03-23,4,High
ISS-0216,PAYMENTS,2024-06-09,2024-06-10,1,Low
ISS-0217,PAYMENTS,2023-01-03,2023-01-18,15,Low
ISS-0218,BACKEND,2024-05-22,2024-05-22,0,High
ISS-0219,BACKEND,2023-01-15,2023-01-15,0,Medium
ISS-0220,PAYMENTS,2023-01-28,2023-01-28,0,Medium
ISS-0221,MOBILE,2023-08-19,2023-08-19,0,Low
ISS-0222,MOBILE,2024-06-20,2024-07-05,15,Medium
ISS-0223,PAYMENTS,2024-01-29,2024-02-08,10,High
ISS-0224,DATA,2023-04-21,2023-04-27,6,High
ISS-0225,PAYMENTS,2024-01-04,2024-01-09,5,Medium
ISS-0226,MOBILE,2024-06-01,2024-06-17,16,Low
ISS-0227,MOBILE,2024-03-18,2024-03-21,3,Medium
ISS-0228,PAYMENTS,2024-01-12,2024-01-13,1,Medium
ISS-0229,BACKEND,2024-05-17,2024-05-21,4,High
ISS-0230,PAYMENTS,2024-03-21,2024-03-23,2,Low
ISS-0231,PAYMENTS,2023-05-17,2023-05-17,0,Medium
ISS-0232,DATA,2023-02-09,2023-02-17,8,Low
ISS-0233,MOBILE,2023-01-06,2023-01-09,3,Medium
ISS-0234,BACKEND,2023-01-04,2023-01-04,0,Medium
ISS-0235,BACKEND,2024-05-18,2024-05-26,8,Medium
ISS-0236,MOBILE,2023-07-13,2023-07-18,5,Medium
ISS-0237,MOBILE,2024-03-10,2024-03-22,12,Low
ISS-0238,BACKEND,2024-02-14,2024-02-16,2,Medium
ISS-0239,PAYMENTS,2023-08-13,2023-08-22,9,High
ISS-0240,MOBILE,2023-01-01,2023-01-07,6,Low
ISS-0241,DATA,2023-05-19,2023-06-06,18,Low
ISS-0242,MOBILE,2023-09-16,2023-09-16,0,High
ISS-0243,PAYMENTS,2023-01-10,2023-01-15,5,Low
ISS-0244,MOBILE,2023-01-13,2023-01-21,8,Low
ISS-0245,PAYMENTS,2023-11-15,2023-11-23,8,Low
ISS-0246,BACKEND,2024-02-23,2024-02-26,3,High
ISS-0247,BACKEND,2023-11-14,2023-11-23,9,Low
ISS-0248,MOBILE,2024-01-11,2024-02-12,32,Low
ISS-0249,DATA,2024-05-27,2024-06-05,9,Medium
ISS-0250,PAYMENTS,2023-12-15,2023-12-16,1,Medium
ISS-0251,MOBILE,2023-09-27,2023-10-08,11,Low
ISS-0252,DATA,2023-06-14,2023-06-25,11,Medium
ISS-0253,MOBILE,2024-02-14,2024-03-01,16,Low
ISS-0254,DATA,2023-02-11,2023-02-14,3,Medium
ISS-0255,BACKEND,2023-10-22,2023-10-30,8,Medium
ISS-0256,DATA,2024-02-26,2024-03-02,5,Medium
ISS-0257,DATA,2023-05-25,2023-06-10,16,Low
ISS-0258,PAYMENTS,2023-04-14,2023-04-20,6,Medium
ISS-0259,BACKEND,2024-01-26,2024-02-04,9,High
ISS-0260,PAYMENTS,2024-05-14,2024-05-25,11,High
ISS-0261,PAYMENTS,2024-04-22,2024-05-07,15,Medium
ISS-0262,DATA,2024-03-16,2024-03-18,2,Medium
ISS-0263,PAYMENTS,2023-10-16,2023-10-16,0,High
ISS-0264,DATA,2024-06-05,2024-06-09,4,High
ISS-0265,BACKEND,2023-04-28,2023-05-10,12,Low
ISS-0266,DATA,2023-08-16,2023-08-20,4,Medium
ISS-0267,PAYMENTS,2023-01-15,2023-01-26,11,Low
ISS-0268,BACKEND,2023-02-16,2023-02-19,3,Medium
ISS-0269,DATA,2024-02-15,2024-02-22,7,High
ISS-0270,DATA,2023-10-19,2023-10-27,8,Medium
ISS-0271,DATA,2023-01-11,2023-02-02,22,Medium
ISS-0272,BACKEND,2023-05-14,2023-05-17,3,Medium
ISS-0273,BACKEND,2023-10-29,2023-11-04,6,Medium
ISS-0274,BACKEND,2023-07-29,2023-10-26,89,Low
ISS-0275,PAYMENTS,2024-04-04,2024-04-04,0,Medium
ISS-0276,MOBILE,2023-05-13,2023-05-30,17,Low
ISS-0277,PAYMENTS,2023-04-16,2023-04-26,10,High
ISS-0278,PAYMENTS,2023-02-20,2023-03-01,9,High
ISS-0279,DATA,2024-02-11,2024-02-11,0,Medium
ISS-0280,BACKEND,2023-12-12,2023-12-24,12,Low
ISS-0281,BACKEND,2023-01-01,2023-01-15,14,High
ISS-0282,BACKEND,2024-03-06,2024-03-06,0,Medium
ISS-0283,BACKEND,2024-03-11,2024-03-21,10,Medium
ISS-0284,DATA,2023-09-01,2023-09-06,5,Medium
ISS-0285,BACKEND,2024-01-21,2024-01-25,4,Low
ISS-0286,MOBILE,2023-12-13,2023-12-17,4,Low
ISS-0287,MOBILE,2023-06-28,2023-06-29,1,Low
ISS-0288,DATA,2023-06-29,2023-07-02,3,Medium
ISS-0289,BACKEND,2023-06-26,2023-07-06,10,Medium
ISS-0290,BACKEND,2023-06-05,2023-06-06,1,Medium
ISS-0291,MOBILE,2023-03-25,2023-03-29,4,Low
ISS-0292,MOBILE,2023-12-08,2023-12-08,0,Low
ISS-0293,PAYMENTS,2023-11-23,2023-11-29,6,High
ISS-0294,BACKEND,2023-08-03,2023-08-06,3,Medium
ISS-0295,MOBILE,2023-11-14,2023-11-15,1,Medium
ISS-0296,DATA,2024-03-04,2024-03-07,3,High
ISS-0297,BACKEND,2023-01-19,2023-01-19,0,Low
ISS-0298,BACKEND,2023-06-24,2023-06-29,5,Medium
ISS-0299,MOBILE,2023-04-23,2023-04-26,3,High
ISS-0300,MOBILE,2023-09-21,2023-10-04,13,High
ISS-0301,DATA,2024-04-02,2024-04-17,15,Low
ISS-0302,PAYMENTS,2023-03-28,2023-04-24,27,Low
ISS-0303,MOBILE,2024-01-26,2024-04-19,84,Low
ISS-0304,PAYMENTS,2024-03-18,2024-03-22,4,High
ISS-0305,BACKEND,2023-08-27,2023-09-01,5,High
ISS-0306,DATA,2023-09-21,2023-09-21,0,High
ISS-0307,DATA,2023-03-19,2023-03-25,6,High
ISS-0308,PAYMENTS,2024-03-27,2024-04-16,20,High
ISS-0309,MOBILE,2023-01-07,2023-01-14,7,High
ISS-0310,MOBILE,2023-03-26,2023-03-26,0,High
ISS-0311,DATA,2023-10-12,2023-10-15,3,High
ISS-0312,PAYMENTS,2024-06-06,2024-06-08,2,Low
ISS-0313,DATA,2024-04-15,2024-04-15,0,Medium
ISS-0314,PAYMENTS,2023-09-13,2023-09-18,5,Low
ISS-0315,MOBILE,2024-05-14,2024-06-08,25,Medium
ISS-0316,PAYMENTS,2023-06-07,2023-06-11,4,Medium
ISS-0317,PAYMENTS,2023-05-08,2023-05-09,1,Low
ISS-0318,BACKEND,2023-07-28,2023-07-30,2,High
ISS-0319,BACKEND,2023-08-25,2023-08-28,3,Medium
ISS-0320,BACKEND,2023-10-05,2023-10-17,12,High
ISS-0321,MOBILE,2024-03-17,2024-04-02,16,Medium
ISS-0322,DATA,2023-03-16,2023-03-28,12,Low
ISS-0323,BACKEND,2023-02-11,2023-02-17,6,Medium
ISS-0324,PAYMENTS,2023-01-17,2023-01-20,3,Low
ISS-0325,MOBILE,2023-12-08,2023-12-09,1,Low
ISS-0326,PAYMENTS,2023-06-17,2023-06-19,2,Low
ISS-0327,DATA,2024-03-30,2024-04-04,5,Low
ISS-0328,PAYMENTS,2024-04-20,2024-04-30,10,High
ISS-0329,BACKEND,2023-05-10,2023-05-11,1,Medium
ISS-0330,BACKEND,2023-10-19,2023-10-29,10,Medium
ISS-0331,BACKEND,2023-10-23,2023-10-27,4,High
ISS-0332,BACKEND,2023-07-06,2023-07-08,2,High
ISS-0333,BACKEND,2023-04-08,2023-04-11,3,High
ISS-0334,MOBILE,2024-02-10,2024-02-19,9,Low
ISS-0335,PAYMENTS,2023-05-28,2023-05-29,1,Low
ISS-0336,BACKEND,2024-05-21,2024-05-27,6,Low
ISS-0337,MOBILE,2023-06-03,2023-06-07,4,Medium
ISS-0338,BACKEND,2023-10-23,2023-11-01,9,Low
ISS-0339,BACKEND,2023-02-11,2023-02-15,4,High
ISS-0340,MOBILE,2024-05-12,2024-05-23,11,High
ISS-0341,DATA,2024-04-22,2024-04-22,0,Medium
ISS-0342,MOBILE,2023-02-13,2023-02-24,11,Medium
ISS-0343,MOBILE,2023-01-17,2023-02-07,21,Low
ISS-0344,MOBILE,2023-01-12,2023-01-17,5,Low
ISS-0345,PAYMENTS,2023-03-22,2023-03-29,7,High
ISS-0346,BACKEND,2023-07-19,2023-07-21,2,Medium
ISS-0347,BACKEND,2024-05-03,2024-06-11,39,Medium
ISS-0348,DATA,2023-01-16,2023-02-03,18,Low
ISS-0349,DATA,2023-03-27,2023-06-17,82,High
ISS-0350,DATA,2024-06-02,2024-06-04,2,Low
ISS-0351,MOBILE,2024-05-12,2024-05-15,3,Low
ISS-0352,PAYMENTS,2023-08-11,2023-08-24,13,Low
ISS-0353,MOBILE,2024-02-06,2024-02-11,5,High
ISS-0354,PAYMENTS,2024-06-09,2024-06-15,6,High
ISS-0355,DATA,2023-07-07,2023-07-11,4,High
ISS-0356,DATA,2023-06-20,2023-06-22,2,High
ISS-0357,DATA,2023-12-30,2024-01-04,5,Low
ISS-0358,DATA,2024-05-30,2024-06-09,10,Medium
ISS-0359,BACKEND,2023-06-10,2023-06-25,15,Low
ISS-0360,BACKEND,2024-03-25,2024-03-25,0,Low
ISS-0361,PAYMENTS,2024-02-18,2024-02-18,0,Low
ISS-0362,BACKEND,2023-10-01,2023-10-20,19,High
ISS-0363,DATA,2023-02-08,2023-02-08,0,Low
ISS-0364,DATA,2024-04-21,2024-04-21,0,Low
ISS-0365,BACKEND,2023-09-29,2023-10-13,14,High
ISS-0366,PAYMENTS,2023-09-23,2023-09-23,0,Low
ISS-0367,BACKEND,2023-12-06,2023-12-15,9,High
ISS-0368,DATA,2023-01-03,2023-01-07,4,Medium
ISS-0369,BACKEND,2023-11-20,2023-11-28,8,Medium
ISS-0370,BACKEND,2024-03-07,2024-03-07,0,Low
ISS-0371,PAYMENTS,2024-02-03,2024-02-06,3,Low
ISS-0372,PAYMENTS,2023-05-20,2023-06-10,21,Low
ISS-0373,DATA,2024-01-15,2024-01-18,3,Medium
ISS-0374,PAYMENTS,2023-10-29,2023-11-04,6,Medium
ISS-0375,PAYMENTS,2023-08-14,2023-08-15,1,Low
ISS-0376,MOBILE,2023-11-06,2023-11-12,6,Low
ISS-0377,DATA,2023-11-26,2023-11-26,0,Medium
ISS-0378,MOBILE,2024-05-20,2024-05-30,10,High
ISS-0379,BACKEND,2023-02-23,2023-03-19,24,Medium
ISS-0380,DATA,2023-04-09,2023-04-15,6,High
ISS-0381,DATA,2024-05-04,2024-05-09,5,Medium
ISS-0382,DATA,2023-05-25,2023-05-26,1,High
ISS-0383,PAYMENTS,2023-04-30,2023-06-02,33,Low
ISS-0384,PAYMENTS,2023-12-23,2023-12-23,0,Medium
ISS-0385,MOBILE,2023-11-19,2023-11-21,2,Low
ISS-0386,BACKEND,2023-07-14,2023-08-04,21,High
ISS-0387,MOBILE,2024-06-04,2024-06-06,2,Low
ISS-0388,DATA,2024-01-30,2024-01-30,0,High
ISS-0389,BACKEND,2023-02-07,2023-02-09,2,High
ISS-0390,DATA,2024-03-29,2024-04-20,22,Medium
ISS-0391,DATA,2023-04-24,2023-04-28,4,High
ISS-0392,MOBILE,2023-12-15,2023-12-31,16,Low
ISS-0393,MOBILE,2023-02-09,2023-02-16,7,High
ISS-0394,MOBILE,2023-10-16,2023-10-30,14,Medium
ISS-0395,MOBILE,2023-06-17,2023-06-18,1,Low
ISS-0396,BACKEND,2023-12-29,2023-12-30,1,Low
ISS-0397,MOBILE,2023-12-22,2023-12-28,6,Low
ISS-0398,DATA,2023-01-07,2023-01-21,14,Medium
ISS-0399,BACKEND,2023-01-31,2023-02-12,12,High
ISS-0400,PAYMENTS,2023-12-29,2023-12-30,1,High
ISS-0401,DATA,2023-03-23,2023-04-03,11,High
ISS-0402,DATA,2024-06-07,2024-06-07,0,High
ISS-0403,MOBILE,2023-02-15,2023-02-17,2,Low
ISS-0404,DATA,2023-12-26,2023-12-28,2,Low
ISS-0405,MOBILE,2023-12-31,2024-01-10,10,Low
ISS-0406,BACKEND,2024-02-18,2024-02-18,0,High
ISS-0407,BACKEND,2024-02-16,2024-02-23,7,Low
ISS-0408,DATA,2023-10-05,2023-10-24,19,Medium
ISS-0409,DATA,2023-08-30,2023-09-19,20,High
ISS-0410,MOBILE,2024-06-07,2024-06-07,0,High
ISS-0411,PAYMENTS,2023-01-22,2023-04-11,79,Low
ISS-0412,DATA,2023-09-27,2023-10-22,25,High
ISS-0413,BACKEND,2023-08-15,2023-08-21,6,Medium
ISS-0414,DATA,2023-01-29,2023-01-29,0,Medium
ISS-0415,MOBILE,2023-03-20,2023-03-31,11,High
ISS-0416,DATA,2024-06-21,2024-06-22,1,High
ISS-0417,BACKEND,2024-05-30,2024-06-02,3,Medium
ISS-0418,MOBILE,2023-02-08,2023-02-13,5,Low
ISS-0419,MOBILE,2023-03-16,2023-03-17,1,High
ISS-0420,MOBILE,2023-03-25,2023-04-01,7,Low
ISS-0421,DATA,2024-01-17,2024-01-18,1,Medium
ISS-0422,PAYMENTS,2023-01-21,2023-02-06,16,Low
ISS-0423,MOBILE,2023-03-25,2023-03-28,3,High
ISS-0424,BACKEND,2024-01-22,2024-01-24,2,Medium
ISS-0425,PAYMENTS,2024-06-10,2024-06-19,9,Medium
ISS-0426,DATA,2024-06-07,2024-06-12,5,High
ISS-0427,BACKEND,2024-06-22,2024-07-16,24,High
ISS-0428,DATA,2023-11-05,2023-11-06,1,Medium
ISS-0429,PAYMENTS,2023-07-18,2023-07-24,6,High
ISS-0430,MOBILE,2024-06-19,2024-07-06,17,Medium
ISS-0431,BACKEND,2024-06-10,2024-06-14,4,Medium
ISS-0432,BACKEND,2023-09-30,2023-10-06,6,Medium
ISS-0433,MOBILE,2024-06-04,2024-06-05,1,High
ISS-0434,BACKEND,2024-05-15,2024-05-17,2,Low
ISS-0435,MOBILE,2024-01-30,2024-02-28,29,Low
ISS-0436,MOBILE,2023-10-01,2023-10-08,7,Medium
ISS-0437,DATA,2024-05-09,2024-05-15,6,Medium
ISS-0438,MOBILE,2023-10-28,2023-11-06,9,Medium
ISS-0439,PAYMENTS,2024-02-29,2024-02-29,0,High
ISS-0440,DATA,2023-03-29,2023-03-30,1,Low
ISS-0441,PAYMENTS,2023-02-15,2023-02-16,1,Medium
ISS-0442,BACKEND,2023-03-27,2023-03-28,1,Low
ISS-0443,PAYMENTS,2023-08-30,2023-09-01,2,Medium
ISS-0444,MOBILE,2023-04-26,2023-04-29,3,Medium
ISS-0445,PAYMENTS,2023-06-15,2023-06-20,5,Low
ISS-0446,DATA,2023-05-23,2023-05-24,1,High
ISS-0447,BACKEND,2023-11-01,2023-11-22,21,High
ISS-0448,BACKEND,2023-01-09,2023-01-28,19,High
ISS-0449,BACKEND,2024-02-20,2024-02-22,2,Medium
ISS-0450,BACKEND,2023-11-14,2023-11-24,10,High
ISS-0451,BACKEND,2024-01-18,2024-01-18,0,High
ISS-0452,DATA,2024-01-25,2024-02-05,11,Low
ISS-0453,DATA,2024-05-29,2024-05-29,0,Low
ISS-0454,DATA,2023-01-14,2023-01-14,0,Low
ISS-0455,MOBILE,2023-03-28,2023-04-04,7,High
ISS-0456,BACKEND,2023-08-31,2023-09-01,1,High
ISS-0457,BACKEND,2023-12-22,2023-12-31,9,Medium
ISS-0458,BACKEND,2023-11-05,2023-11-12,7,High
ISS-0459,DATA,2023-12-18,2023-12-23,5,Low
ISS-0460,MOBILE,2023-02-04,2023-02-05,1,High
ISS-0461,MOBILE,2023-07-26,2023-07-28,2,Low
ISS-0462,DATA,2023-06-08,2023-06-11,3,High
ISS-0463,MOBILE,2024-05-30,2024-06-08,9,Low
ISS-0464,MOBILE,2023-06-01,2023-06-06,5,Low
ISS-0465,PAYMENTS,2024-02-24,2024-02-24,0,Low
ISS-0466,BACKEND,2023-12-01,2023-12-17,16,Medium
ISS-0467,MOBILE,2024-01-06,2024-01-08,2,Low
ISS-0468,MOBILE,2023-08-25,2023-08-29,4,Medium
ISS-0469,DATA,2024-06-03,2024-06-06,3,Low
ISS-0470,DATA,2023-10-25,2023-10-26,1,Low
ISS-0471,BACKEND,2024-01-10,2024-01-13,3,High
ISS-0472,BACKEND,2023-11-14,2023-11-14,0,Low
ISS-0473,DATA,2023-01-14,2023-01-19,5,High
ISS-0474,PAYMENTS,2023-05-10,2023-05-10,0,Medium
ISS-0475,DATA,2023-01-28,2023-01-30,2,Medium
ISS-0476,MOBILE,2024-03-24,2024-04-03,10,Medium
ISS-0477,BACKEND,2023-10-28,2023-10-29,1,High
ISS-0478,PAYMENTS,2023-01-10,2023-01-10,0,Medium
ISS-0479,DATA,2023-12-27,2023-12-30,3,Low
ISS-0480,PAYMENTS,2024-05-27,2024-05-29,2,Low
ISS-0481,PAYMENTS,2023-10-11,2023-10-11,0,High
ISS-0482,MOBILE,2023-07-23,2023-07-27,4,High
ISS-0483,BACKEND,2023-06-05,2023-06-18,13,High
ISS-0484,DATA,2023-09-08,2023-09-08,0,High
ISS-0485,BACKEND,2024-05-25,2024-05-26,1,Medium
ISS-0486,BACKEND,2023-01-01,2023-01-01,0,High
ISS-0487,MOBILE,2023-02-28,2023-03-02,2,Medium
ISS-0488,BACKEND,2023-07-25,2023-08-02,8,High
ISS-0489,DATA,2023-08-30,2023-11-01,63,Low
ISS-0490,BACKEND,2023-08-05,2023-08-12,7,Medium
ISS-0491,BACKEND,2023-08-11,2023-08-13,2,Medium
ISS-0492,BACKEND,2024-03-03,2024-03-08,5,High
ISS-0493,DATA,2023-11-04,2023-11-12,8,High
ISS-0494,BACKEND,2024-01-10,2024-01-11,1,Medium
ISS-0495,DATA,2023-12-18,2023-12-19,1,High
ISS-0496,MOBILE,2023-06-24,2023-07-02,8,High
ISS-0497,PAYMENTS,2023-08-06,2023-09-22,47,High
ISS-0498,DATA,2023-05-25,2023-06-06,12,High
ISS-0499,PAYMENTS,2023-12-11,2023-12-19,8,Low
ISS-0500,DATA,2023-05-27,2023-06-15,19,High
